make of transport	2008	2009	2010	2011	2012	2013	2014	2015	2016	
M&V	0	0	0	0	0	0	0	0	0
M&W	0	0	0	0	0	0	0	0	0
Mac	0	0	0	0	0	0	0	0	0
Mack	1	1	1	1	1	1	1	1	1
Maco	0	0	0	0	0	0	0	0	0
Macuga	0	0	0	0	0	0	0	0	0
Mafi	0	0	0	0	0	0	0	0	0
Magirus Deutz	0	0	0	0	1	1	1	0	0
Magnehengern	0	0	0	0	0	0	0	0	0
Magyar	0	0	0	0	0	0	0	0	0
Mahindra	0	0	0	0	0	0	0	0	0
Maico	0	0	0	0	0	0	0	0	0
Maisonneuve	0	0	0	0	0	0	0	0	0
Malaguti	0	0	0	0	0	0	0	0	0
Mammut	0	0	0	0	0	0	0	0	0
Man	2	6	6	13	20	24	26	27	34
Mandal	0	0	0	0	0	0	0	0	0
Mane	0	0	0	0	0	0	0	0	0
Mardon Trailer	0	0	0	0	0	0	0	0	0
Marinox	0	0	0	0	0	0	0	0	0
Marmon	0	0	0	0	0	0	0	0	2
Maro	0	0	0	0	0	0	0	0	0
Marshin	0	0	0	0	0	0	0	0	0
Martin Motors	0	0	0	0	1	1	1	0	0
Martz	0	0	0	0	0	0	0	0	0
Masai	0	0	0	0	0	0	0	0	0
Maserati	113	111	107	104	109	110	140	151	168
Massey	0	0	0	0	0	0	0	0	0
Massey-Ferguson	0	0	0	0	0	0	0	0	0
Massey-Harris	0	0	0	0	0	0	0	0	0
Master Trailer	0	0	0	0	0	0	0	0	0
Matador	1	1	1	1	1	1	1	1	1
Matchless	0	0	0	0	0	0	0	0	0
Matkaaja	0	0	0	0	0	0	0	0	0
Matra	106	104	97	92	85	72	64	52	35
Maur Bilpåbygg	0	0	0	0	0	0	0	0	0
Maurer	0	0	0	0	0	0	0	0	0
Max	0	0	0	0	0	0	0	0	0
Maybach	0	0	0	0	0	0	0	0	0
Mazda	72754	70437	67666	64436	62347	63369	64761	66618	68263
Mazzotti	0	0	0	0	0	0	0	0	0
MBK	0	0	0	0	0	0	0	0	0
McCauley	0	0	0	0	0	0	0	0	0
Mccormick	0	0	0	0	0	0	0	0	0
Mccormick International	0	0	0	0	0	0	0	0	0
MCLaren	0	0	0	0	1	1	1	2	4
Mclouis	0	39	64	98	119	135	157	181	191
Mcm	0	0	0	0	0	0	0	0	0
Mecanorem	0	0	0	0	0	0	0	0	0
Mega	0	0	0	0	0	0	0	0	0
Megelli	0	0	0	0	0	0	0	0	0
Meiduo	0	0	0	0	0	0	0	0	0
Melex Wsk Mielec	0	0	0	0	0	0	0	0	0
Mercea Commercial and Leisure	0	0	0	0	0	0	0	0	0
Mercedes-Amg	2	4	12	14	19	31	50	78	105
Mercedes-Benz	144626	147636	151212	153120	156026	158414	160443	161958	163627
Mercury	351	377	391	406	408	413	431	445	451
Mercus	0	0	0	0	0	0	0	0	0
Meredith And Eyre	0	0	0	0	0	0	0	0	0
Messerschmitt	1	1	1	1	0	0	0	0	0
Metaltech	0	0	0	0	0	0	0	0	0
Metbox	0	0	0	0	0	0	0	0	0
Metrakit	0	0	0	0	0	0	0	0	0
Metsjø	0	0	0	0	0	0	0	0	0
Meusburger	0	0	0	0	0	0	0	0	0
Mg	1655	1698	1725	1746	1759	1783	1791	1815	1815
MGB Delivery	0	0	0	0	0	0	0	0	0
MGB Starbridge	0	0	0	0	0	0	0	0	0
Mh Motorcycles	0	0	0	0	0	0	0	0	0
Mi	0	0	0	0	0	0	0	0	0
Mia	0	0	0	0	6	5	8	4	4
Micro Compact Car	360	351	342	333	312	292	260	219	189
Microcar	11	10	10	10	11	10	9	8	6
Micro-Vett	0	11	12	13	18	13	14	12	12
Mikilon	0	0	0	0	0	0	0	0	0
Miller	0	0	0	0	0	0	0	0	0
Minauto	0	0	0	0	0	0	0	0	0
Minban	0	0	0	0	0	0	0	0	0
Mini	2720	3161	3807	5000	6287	7648	8704	9531	10311
Minsk	0	0	0	0	0	0	0	0	0
Mirage	0	1	2	2	2	2	2	2	2
Mitsubishi	76678	75862	76613	80445	80495	80799	81070	83574	87167
Mitsubishi Fuso	1	3	3	3	3	3	3	3	3
Mjørud	0	0	0	0	0	0	0	0	0
Mkp	0	0	0	0	0	0	0	0	0
MMD Marvin Macdavi Design	0	0	0	0	0	0	0	0	0
Mobilvetta	0	6	11	26	36	58	73	95	121
Moelven	0	0	0	0	0	0	0	0	0
Monark	0	0	0	0	0	0	0	0	0
Mondial	0	0	0	0	0	0	0	0	0
Monnier	0	0	0	0	0	0	0	0	0
Monza	0	0	0	0	0	0	0	0	0
Mo-Pro	1	1	1	1	1	1	1	1	1
Morelo	0	0	0	0	4	15	27	36	50
Morgan	407	415	429	431	441	453	456	462	464
Morris	392	402	400	404	412	419	423	432	433
Mosblikk	0	0	0	0	0	0	0	0	0
Moskwitch	45	44	45	46	46	45	45	45	45
Moto	0	0	0	0	0	0	0	0	0
Moto Bellini	0	0	0	0	0	0	0	0	0
Moto Guzzi	0	0	0	0	0	0	0	0	0
Moto Morini	0	0	0	0	0	0	0	0	0
Moto Ski	0	0	0	0	0	0	0	0	0
Moto Union	0	0	0	0	0	0	0	0	0
Moto Zeta	0	0	0	0	0	0	0	0	0
Motobecane	0	0	0	0	0	0	0	0	0
Motogino	0	0	0	0	0	0	0	0	0
Motolug	0	0	0	0	0	0	0	0	0
Motorbike	0	0	0	0	0	0	0	0	0
Motorhispania	0	0	0	0	0	0	0	0	0
Moto-Roma	0	0	0	0	0	0	0	0	0
Motortek	0	0	0	0	0	0	0	0	0
Motrac	0	0	0	0	0	0	0	0	0
Motrail	0	0	0	0	0	0	0	0	0
Motron	0	0	0	0	0	0	0	0	0
Moxy	0	0	0	0	0	0	0	0	0
Mr Mobile	0	0	0	0	0	0	0	0	0
Mst	0	0	0	0	0	0	0	0	0
MTDK	0	0	0	0	0	0	0	0	0
Mtl	0	0	0	0	0	0	0	0	0
Mtr.	0	0	0	0	0	0	0	0	0
MTZ	0	0	0	0	0	0	0	0	0
Mueller-Mitteltal	0	0	0	0	0	0	0	0	0
Muir-Hill	0	0	0	0	0	0	0	0	0
Muldi	0	0	0	0	0	0	0	0	0
Muldy	0	0	0	0	0	0	0	0	0
Muller Oldenburg	0	0	0	0	0	0	0	0	0
Mullerup	0	0	0	0	0	0	0	0	0
Multiva	0	0	0	0	0	0	0	0	0
Multivans	0	0	0	0	0	0	4	26	36
Munktell	0	0	0	0	0	0	0	0	0
Munsterland	0	0	0	0	0	0	0	0	0
Muovityo Hiltunen	0	0	0	0	0	0	0	0	0
Mustang	13	17	17	18	17	17	16	17	17
Muuli	0	0	0	0	0	0	0	0	0
Muz	0	0	0	0	0	0	0	0	0
Mv Agusta	0	0	0	0	0	0	0	0	0
Mw-Slepet	0	0	0	0	0	0	0	0	0
Mylane B.V	0	0	0	0	0	0	0	0	0
Mz	0	0	0	0	0	0	0	0	0
Møslein	0	0	0	0	0	0	0	0	0
N.M.V.	0	0	0	0	0	0	0	0	0
Nanfang	0	0	0	0	0	0	0	0	0
Narko	0	0	0	0	0	0	0	0	0
Nash	84	88	88	88	91	93	96	100	101
Navtek	0	0	0	0	0	0	0	0	0
NC-Engineering	0	0	0	0	0	0	0	0	0
Neckar	14	14	15	14	15	14	16	17	17
Nene Valley	0	0	0	0	0	0	0	0	0
Neptun	0	0	0	0	0	0	0	0	0
Neuenhauser Maschinenbau	0	0	0	0	0	0	0	0	0
New Holland	0	0	0	0	0	0	0	0	0
Nfm	0	0	0	0	0	0	0	0	0
Nicolas	0	0	0	0	0	0	0	0	0
Nicom	0	0	0	0	0	0	0	0	0
Niesmann Bischoff	0	15	49	68	89	117	149	180	220
Niewiadow	0	0	0	0	0	0	0	0	0
Nilsson	63	84	82	94	97	102	107	115	128
Nimbus	0	0	0	0	0	0	0	0	0
Nissan	83018	82637	82658	83379	85060	89233	95261	100637	106204
NIU	0	0	0	0	0	0	0	0	0
NK Bike	0	0	0	0	0	0	0	0	0
Nobas	0	0	0	0	0	0	0	0	0
Noc Agro	0	0	0	0	0	0	0	0	0
Nokka	0	0	0	0	0	0	0	0	0
Nonnenmacher	0	0	0	0	0	0	0	0	0
Nooteboom Trailers B.V	0	0	0	0	0	0	0	0	0
Nopa	0	0	0	0	0	0	0	0	0
Nor Slep	0	0	0	0	0	0	0	0	0
Nordic Tank	0	0	0	0	0	0	0	0	0
Nordic Trailer	0	0	0	0	0	0	0	0	0
Nordland	0	0	0	0	0	0	0	0	0
Nordtrac	0	0	0	0	0	0	0	0	0
Norgeshengern	0	0	0	0	0	0	0	0	0
Norsjø	0	0	0	0	0	0	0	0	0
Norsk Caravan Industri	0	0	0	0	0	0	0	0	0
Norsk Flyindustri	0	0	0	0	0	0	0	0	0
Norton	0	0	0	0	0	0	0	0	0
Npo Saturn	0	0	0	0	0	0	0	0	0
Nsu	82	82	86	94	97	100	102	101	105
Ntm	0	0	0	0	0	0	0	0	0
Nuffield	0	0	0	0	0	0	0	0	0
Nugent	0	0	0	0	0	0	0	0	0
Nv	0	0	0	0	0	0	0	0	0
Nøding Verksteder	0	0	0	0	0	0	0	0	0
Oberaigner Automotive GMBH	0	0	0	0	0	0	0	0	0
Obermaier	0	0	0	0	0	0	0	0	0
Ockelbo	0	0	0	0	0	0	0	0	0
Odes	0	0	0	0	0	0	0	0	0
Ohlmeier	0	0	0	0	0	0	0	0	0
Ohna	0	0	0	0	0	0	0	0	0
Ohna Maur	0	0	0	0	0	0	0	0	0
Okai	0	0	0	0	0	0	0	0	0
Oldsmobile	758	781	823	854	864	878	894	909	915
Ole R. Aasen	0	0	0	0	0	0	0	0	0
Oliver	0	0	0	0	0	0	0	0	0
Olrich	0	0	0	0	0	0	0	0	0
Olympic	0	0	0	0	0	0	0	0	0
OMSP Macola	0	0	0	0	0	0	0	0	0
Opel	156324	152489	147519	141989	135169	126783	118061	110279	103362
Opio	0	0	0	0	0	0	0	0	0
Orion	0	0	0	0	0	0	0	0	0
Orkel	0	0	0	0	0	0	0	0	0
Orkel Foldtrailer	0	0	0	0	0	0	0	0	0
Ory	0	0	0	0	0	0	0	0	0
Outboard Marine	0	0	0	0	0	0	0	0	0
Overland	0	0	0	0	0	0	0	0	1
Ovox	0	0	0	0	0	0	0	0	0
Oweren	0	0	0	0	0	0	0	0	0
Oxygen	0	0	0	0	0	0	0	0	0
P.G.O.	0	0	0	0	0	0	0	0	0
Packard	107	112	115	116	119	122	122	126	130
Pacton	0	0	0	0	0	0	0	0	0
Pagsta	0	0	0	0	0	0	0	0	0
Palms	0	0	0	0	0	0	0	0	0
Palmse Metall	0	0	0	0	0	0	0	0	0
Palomino	0	0	0	0	0	0	0	0	0
Pan	0	0	0	0	0	0	0	0	0
Panhard	10	10	10	8	8	8	9	9	9
Pannonia	0	0	0	0	0	0	0	0	0
Panther	0	0	0	0	0	0	0	0	2
Paoletti Racing	0	0	0	0	0	0	0	0	0
Paragan	0	0	0	0	0	0	0	0	0
Parator	0	0	0	0	0	0	0	0	0
Paxster	0	0	0	0	0	0	0	0	0
Pc	0	0	0	0	0	0	0	0	0
Peace Sports	0	0	0	0	0	0	0	0	0
Pedersborg	0	0	0	0	0	0	0	0	0
Pega	0	0	0	0	0	0	0	0	0
Pelpi International	0	0	0	0	0	0	0	0	0
Peterbilt	0	0	0	0	0	0	0	0	0
Petmas-Weckmanin	0	0	0	0	0	0	0	0	0
Pe-Tra	0	0	0	0	0	0	0	0	0
Peugeot	93520	95174	98191	101523	103683	104008	105341	104988	103509
PG-Bikes	0	0	0	0	0	0	0	0	0
Phoenix	0	1	1	5	6	8	9	10	10
PHV	0	0	0	0	0	0	0	0	0
Piaggio	1	1	1	1	0	0	1	1	1
Piaggio Vespa	0	0	0	0	0	0	0	0	0
Pilato S.P.A	0	0	0	0	0	0	0	0	0
Pilka	0	0	0	0	0	0	0	0	0
Pilote	0	15	34	65	168	262	331	427	574
Pioneer	0	0	0	0	0	0	0	0	0
Pirila	0	0	0	0	0	0	0	0	0
Pivco	7	6	3	2	2	2	2	2	2
Pla	0	0	0	0	0	0	0	0	0
Plymouth	785	788	768	748	748	737	721	724	718
Pobeda	10	10	10	10	10	12	12	13	13
Poessl	0	0	0	0	0	0	0	26	87
Polar	0	0	0	0	0	0	1	1	1
Polar Metal Plast	0	0	0	0	0	0	0	0	0
Polaris	3	3	3	3	4	4	5	5	5
Poletta	0	0	0	0	0	0	0	0	0
Polonez	4	4	4	4	5	3	3	3	3
Polski Fiat	10	11	13	15	15	16	15	14	17
Pongratz	0	0	0	0	0	0	0	0	0
Pontiac	2080	2164	2201	2188	2203	2202	2223	2238	2268
Porsche	3663	3902	4253	4742	5522	6321	7227	7950	8786
Portequip LTD	0	0	0	0	0	0	0	0	0
Poznanska	0	0	0	0	0	0	0	0	0
Praga	0	0	0	0	0	0	0	0	0
Predom	0	0	0	0	0	0	0	0	0
Prestby	0	0	0	0	0	0	0	0	0
Primbox SP.SO.O	0	0	0	0	0	0	0	0	0
Primoplex	0	0	0	0	0	0	0	0	0
Prince (Pmc)	3	3	3	4	4	3	3	3	3
Princess	7	7	8	7	6	7	7	7	8
Pronar	0	0	0	0	0	0	0	0	0
Præstbro	0	0	0	0	0	0	0	0	0
Puch	4	4	4	3	2	3	4	4	5
Pue Mobility	0	0	0	0	0	0	0	0	0
Pur Sang	0	0	0	0	0	0	0	0	0
Pøssl	0	0	0	9	31	58	103	183	235
Qingqi	0	0	0	0	0	0	0	0	0
Quaddy	0	0	0	0	0	0	0	0	0
Quattro	63	71	77	90	107	128	141	156	183
R.H.C.	0	0	0	0	0	0	0	0	0
R.M. Trailers	0	0	0	0	0	0	0	0	0
Raclet	0	0	0	0	0	0	0	0	0
Ra-Gla	0	0	0	0	0	0	0	0	0
Ragnar Valsson	0	0	0	0	0	0	0	0	0
Rajd	0	0	0	0	0	0	0	0	0
Raleigh	0	0	0	0	0	0	0	0	0
Ram	0	0	0	0	0	0	0	0	0
Rambler	76	74	74	75	71	72	70	73	72
Ramzey	0	0	0	0	0	0	0	0	0
Randers	0	0	0	0	0	0	0	0	0
Range Rover	441	419	407	398	374	344	324	306	281
Rapid	0	0	1	1	1	4	3	4	4
Rapido	0	124	293	487	699	928	1136	1334	1541
Raufossmopeden	0	0	0	0	0	0	0	0	0
Rc	0	0	0	0	0	0	0	0	0
Redneck Enginering	0	0	0	0	0	0	0	0	0
Redwood Global Ltd	0	0	0	0	0	0	0	0	0
Regal	0	0	0	0	0	0	0	0	0
Regard	0	0	0	0	0	0	0	0	0
Reggiana Rimorchi	0	0	0	0	0	0	0	0	0
Reko Trailer	0	0	0	0	0	0	0	0	0
Reliant	0	0	0	1	0	0	2	2	2
Renault	48504	47301	45003	42246	38809	35084	32250	30969	29795
Renault Samsung	0	0	0	0	0	0	0	0	0
Renders	0	0	0	0	0	0	0	0	0
Reo	8	8	8	9	9	9	9	10	12
Replika kjøretøy	0	0	0	0	0	0	0	0	1
Respo	0	0	0	0	0	0	0	0	0
Reva	0	0	0	0	0	0	0	0	0
Rewaco	2	2	2	2	2	2	2	2	2
Rex	0	0	0	0	0	0	0	0	0
Reynolds Boughton Ltd	0	0	0	0	0	0	0	0	0
Rhon	0	0	0	0	0	0	0	0	0
Richard Western	0	0	0	0	0	0	0	0	0
Richardson	0	0	0	0	0	0	0	0	0
Rickman	0	0	0	0	0	0	0	0	0
Rieju	0	0	0	0	0	0	0	0	0
Riga	0	0	0	0	0	0	0	0	0
Riley	31	31	32	33	33	34	33	35	35
Rimor	0	49	110	169	256	332	399	463	482
Riya	0	0	0	0	0	0	0	0	0
Roadless	1	1	1	1	1	1	0	0	0
Roadmaster	0	0	0	0	0	0	0	0	0
Robur	0	0	0	0	0	0	0	0	0
Roelofsen	0	0	0	0	0	0	0	0	0
Rohr	0	0	0	0	0	0	0	0	0
Rojo	0	0	0	0	0	0	0	0	0
Rolfo	0	0	0	0	0	0	0	0	0
Roller Team	0	0	0	0	0	0	40	100	163
Rolls-Royce	228	241	249	259	280	296	304	308	307
Rom B.V.	0	0	0	0	0	0	0	0	0
Romet Motors	0	0	0	0	0	0	0	0	0
Ronidan	0	0	0	0	0	0	0	0	0
Rosenbauer	0	0	0	0	0	0	0	0	0
Rossknecht	0	0	0	0	0	0	0	0	0
Rotec	0	0	0	0	0	0	0	0	0
Rover	4513	4297	3949	3614	3193	2831	2439	2129	1832
Roxon	0	0	0	0	0	0	0	0	0
Royal Enfield	0	0	0	0	0	0	0	0	0
Ruku	0	0	0	0	0	0	0	0	0
Rununion	0	0	0	0	0	0	0	0	0
Rusch	1	1	1	1	2	1	1	1	1
Russo-Balt	0	0	0	0	0	0	0	0	0
Rydhs	0	0	0	0	0	0	0	0	0
Rydwan	0	0	0	0	0	0	0	0	0
Rysky	0	0	0	0	0	0	0	0	0
S	0	0	0	0	0	0	0	0	0
Saab	41886	41320	40293	39199	37754	35531	33225	30802	28284
Sachs	0	0	0	0	0	0	0	0	0
Safari	0	0	0	0	0	0	0	0	0
Sahlins Sweden	0	0	0	0	0	0	0	0	0
Sailboat Deliveries Ltd	0	0	0	0	0	0	0	0	0
Sailboat Trailers	0	0	0	0	0	0	0	0	0
Sam	0	0	0	0	0	0	0	0	0
Same	0	0	0	0	0	0	0	0	0
Sami	0	0	0	0	0	0	0	0	0
San Yang	0	0	0	0	0	0	0	0	0
Sanben	0	0	0	0	0	0	0	0	0
Sand Trailers	0	0	0	0	0	0	0	0	0
Sand Trailers	0	0	0	0	0	0	0	0	0
Sandnes Gjerdeservice	0	0	0	0	0	0	0	0	0
Sandnæs Mask.Fabr. A/S	0	0	0	0	0	0	0	0	0
Sanili	0	0	0	0	0	0	0	0	0
Santana	1	1	1	1	1	1	1	1	1
Saris	0	0	0	0	0	0	0	0	0
Saturn	0	0	0	0	0	0	0	0	1
Savsjø	0	0	0	0	0	0	0	0	0
Savsjøslapet	0	0	0	0	0	0	0	0	0
Saxon	0	0	0	0	0	0	0	0	0
Saxonette	0	0	0	0	0	0	0	0	0
Saxxs	0	0	0	0	0	0	0	0	0
Sbarro	0	0	0	0	0	0	0	0	0
SBS Trailers	0	0	0	0	0	0	0	0	0
Scania	14	23	33	44	58	62	68	74	78
Scanvogn	0	0	0	0	0	0	0	0	0
Schanzlin	0	0	0	0	0	0	0	0	0
Schilter	0	0	0	0	0	0	0	0	0
Schmitz Cargobull	0	0	0	0	0	0	0	0	0
Schrader	0	0	0	0	0	0	0	0	0
Schulz	41	31	27	27	19	17	16	15	15
Schuring	0	0	0	0	0	0	0	0	0
Schwarzmuller	0	0	0	0	0	0	0	0	0
Schweikert	0	0	0	0	0	0	0	0	0
Schweriner	0	0	0	0	0	0	0	0	0
Schøyen Karosseri	0	0	0	0	0	0	0	0	0
Scorpa	0	0	0	0	0	0	0	0	0
Scott	0	0	0	0	0	0	0	0	0
Screen-Led	0	0	0	0	0	0	0	0	0
Sdv Co. Ltd (Mev)	0	0	0	0	0	0	0	0	0
SEA	0	0	0	2	2	4	4	4	3
Seac	0	0	0	0	0	0	0	0	0
Seat	8896	8419	7854	7171	6392	5573	4711	3926	3247
Secma	0	0	0	1	1	1	1	0	1
Seestern	0	0	0	0	0	0	0	0	0
Seeyes	0	0	0	0	0	0	0	0	0
Seico	0	0	0	0	0	0	0	0	0
Selandia	0	0	0	0	0	0	0	0	0
Selective Trailers	0	0	0	0	0	0	0	0	0
Seriemontasje A/S	0	0	0	0	0	0	0	0	0
Setra	7	7	8	9	12	12	15	14	15
SFM	0	0	0	0	0	0	0	0	0
Sf-Motor	0	0	0	0	0	0	0	0	0
She Lung	0	0	0	0	0	0	0	0	0
Shengqibao	0	0	0	0	0	0	0	0	0
Shenke	0	0	0	0	0	0	0	0	0
Sherco	0	0	0	0	0	0	0	0	0
Shibaura	0	0	0	0	0	0	0	0	0
Shineray	0	0	0	0	0	0	0	0	0
Siamoto	0	0	0	0	0	0	0	0	0
Sidecar	0	0	0	0	0	0	0	0	0
Sigma Dynanometer	0	0	0	0	0	0	0	0	0
Sigma-Trailer	0	0	0	0	0	0	0	0	0
Sima	1	1	1	1	1	1	1	1	1
Simca	25	24	22	22	21	22	23	27	30
Simpa Jdm	0	0	0	0	0	0	0	0	0
Simson	0	0	0	0	0	0	0	0	0
Simulta	0	0	0	0	0	0	0	0	0
Singer	12	13	13	12	12	12	12	12	12
Sirius	0	0	0	0	0	0	0	0	0
Sis	0	0	0	0	0	0	0	0	0
Sisu	0	0	0	0	0	0	0	0	0
Site	0	0	0	0	0	0	0	0	0
Skenninge-Verken	0	0	0	0	0	0	0	0	0
Skibicki	0	0	0	0	0	0	0	0	0
Ski-Doo	0	0	0	0	0	0	0	0	0
Skif	0	0	0	0	0	0	0	0	0
Skiroule	0	0	0	0	0	0	0	0	0
Skoda	39046	42950	49345	56436	62713	69017	75468	81283	87152
Sky Team	0	0	0	0	0	0	0	0	0
Skygo	0	0	0	0	0	0	0	0	0
Skyline	0	0	0	0	0	0	0	0	0
Skyteam	0	0	0	0	0	0	0	0	0
Slettemoen	0	0	0	0	0	0	0	0	0
Slingshot	0	0	0	0	0	0	0	0	0
Smart	1395	1581	1802	1950	2020	2061	2069	2148	2142
Smc	0	0	0	0	0	0	0	0	0
SM-Slepet	0	0	0	0	0	0	0	0	0
Smw	0	0	0	0	0	0	0	0	0
Smyth Trailers	0	0	0	0	0	0	0	0	0
Sno Tric	0	0	0	0	0	0	0	0	0
Snow Trace	0	0	0	0	0	0	0	0	0
Solaris	0	0	0	0	0	0	0	0	0
Solex	0	0	0	0	0	0	0	0	0
Solifer	0	0	0	0	0	0	4	62	150
Solus	0	0	0	0	0	0	0	0	0
Sommer	0	0	0	0	0	0	0	0	0
Somoto	0	0	0	0	0	0	0	0	0
Sonik	0	0	0	0	0	0	0	0	0
Sonnys	0	0	0	0	0	0	0	0	0
Sor Iberica	0	0	0	0	0	0	0	0	0
Sorel	0	0	0	0	0	0	0	0	0
Sorelpol	0	0	0	0	0	0	0	0	0
Specialized	0	0	0	0	0	0	0	0	0
Spier	0	0	0	0	0	0	0	0	0
Spindelberger	0	0	0	0	0	0	0	0	0
Spitzer	0	0	0	0	0	0	0	0	0
Spoca	0	0	0	0	0	0	0	0	0
Sprintcar	0	0	0	0	0	0	0	0	0
Sprite	0	0	0	0	0	0	0	0	0
Spy Racing	0	0	0	0	0	0	0	0	0
Squire	0	0	1	1	1	1	1	1	1
Ssangyong	664	752	829	993	1127	1291	1486	1771	2140
St Båttrailer	0	0	0	0	0	0	0	0	0
Stal-Hengeren	0	0	0	0	0	0	0	0	0
Standar Motor Corporation	0	0	0	0	1	1	0	0	0
Standard	15	15	15	15	15	15	15	15	15
Standard Motor Corporation	0	0	0	0	0	0	1	1	1
Star Trailer	0	0	0	0	0	0	0	0	0
Stedele	0	0	0	0	0	0	0	0	0
Steinsberger	0	0	0	0	0	0	0	0	0
Stella	0	0	1	1	1	1	1	1	1
Stema	0	0	0	0	0	0	0	0	0
Sterckeman	0	0	0	0	0	0	0	0	0
Stewart	0	0	0	0	0	0	0	0	0
Steyr	5	6	5	5	5	5	6	6	5
Stokota	0	0	0	0	0	0	0	0	0
Stopexim	0	0	0	0	0	0	0	0	0
Strick	0	0	0	0	0	0	0	0	0
Stronga	0	0	0	0	0	0	0	0	0
Struver	0	0	0	0	0	0	0	0	0
Studebaker	144	158	157	161	165	171	176	179	184
Stx	0	0	0	0	0	0	0	0	0
Subaru	41458	43047	45002	46148	48294	50185	51127	52711	53357
Sukida	0	0	0	0	0	0	0	0	0
Sun	0	0	0	0	0	0	0	0	0
Sun Living	0	0	1	3	4	4	10	18	29
Sun Way	0	0	0	0	0	0	0	0	0
Sunbeam	62	61	63	63	66	68	69	71	74
Sundiro	0	0	0	0	0	0	0	0	0
Sunseeker Ltd	0	0	0	0	0	0	0	0	0
Superformance	0	0	0	0	0	0	0	0	0
Suzuki	43588	45320	47379	49457	50403	51109	52511	54022	55068
Sv	0	0	0	0	0	0	0	0	0
Svecia	0	0	0	0	0	0	0	0	0
Sveholt	0	0	0	0	0	0	0	0	0
Svela	0	0	0	0	0	0	0	0	0
Svithun	0	0	0	0	0	0	0	0	0
Swap	0	0	0	0	0	0	0	0	0
Swei	0	0	0	0	0	0	0	0	0
Swidnik Trade	0	0	0	0	0	0	0	0	0
Swift	0	0	0	0	0	0	0	0	1
Syland	0	0	0	0	0	0	0	0	0
Sym	0	0	0	0	0	0	0	0	0
Symson	0	0	0	0	0	0	0	0	0
System Trailer	0	0	0	0	0	0	0	0	0
T.M. Trailer	0	0	0	0	0	0	0	0	0
Tabbert	0	0	0	1	1	1	1	1	1
Tadano	0	0	0	0	0	0	0	0	0
Tadano Faun	0	0	0	0	0	0	0	0	0
Taiheng, Relax Ride	0	0	0	0	0	0	0	0	0
Talbot	74	62	63	64	62	63	61	61	65
Tam	0	0	0	0	0	0	0	0	0
Tambar	0	0	0	0	0	0	0	0	0
Tamsalu	0	0	0	0	0	0	0	0	0
Tan Gjunouling	0	0	0	0	0	0	0	0	0
Tankmobil	0	0	0	0	0	0	0	0	0
Tanta Paula	0	0	0	0	0	0	0	0	0
Tante Paula	0	0	0	0	0	0	0	0	0
Taotao	0	0	0	0	0	0	0	0	0
Tasso	0	0	0	0	0	0	0	0	0
Tata	0	0	1	1	1	0	0	0	0
Tatra	3	3	3	3	3	3	3	3	4
Tauriga	0	0	0	0	0	0	0	0	0
Tavex	0	0	0	0	0	0	0	0	0
T-AX-O Trailer	0	0	0	0	0	0	0	0	0
Taylors Trailers	0	0	0	0	0	0	0	0	0
Tazzari	0	0	0	0	0	1	4	4	3
Tec	0	39	66	74	78	90	90	92	92
Techau	0	0	0	0	0	0	0	0	0
Tecnokar Trailers	0	0	0	0	0	0	0	0	0
Te-Ho	0	0	0	0	0	0	0	0	0
Tema	0	0	0	0	0	0	0	0	0
Tempo (bil)	0	0	0	0	0	0	0	0	0
Tempo (moped)	0	0	0	0	0	0	0	0	0
Tempo-Lett	0	0	0	0	0	0	0	0	0
Tempus	0	0	0	0	0	0	0	0	0
Temsa	0	0	0	0	0	0	0	0	0
Terberg	0	0	0	0	0	0	0	0	0
Termoped	0	0	0	0	0	0	0	0	0
Terra	0	0	0	0	0	0	0	0	0
Terrengen	0	0	0	0	0	0	0	0	0
Terrot	0	0	0	0	0	0	0	0	0
Tesla	0	1	15	48	86	87	87	82	83
Tesla Motors	0	0	0	0	0	1988	6012	9916	13277
Texas	0	0	0	0	0	0	0	0	0
Tgb	0	0	0	0	0	0	0	0	0
Thaler	0	0	0	0	0	0	0	0	0
Theault	0	0	0	0	0	0	0	0	0
Thiel	0	0	0	0	0	0	0	0	0
Think	873	902	1158	1218	1156	1109	998	858	706
Third-Element-GMBH	0	0	0	0	0	0	0	0	0
Thomsen	0	0	0	0	0	0	0	0	0
Thomson	0	0	0	0	0	0	0	0	0
Thule	0	0	0	0	0	0	0	0	0
Thule Rental	0	0	0	0	0	0	0	0	0
Tiab	0	0	0	0	0	0	0	0	0
Tianjiu	0	0	0	0	0	0	0	0	0
Tijhof	0	0	0	0	0	0	0	0	0
Tiki Tilhenger	0	0	0	0	0	0	0	0	0
Tiki Treiler	0	0	0	0	0	0	0	0	0
Tilhengernor As	0	0	0	0	0	0	0	0	0
Tim	0	0	0	0	0	0	0	0	0
Tinturi	0	0	0	0	0	0	0	0	0
Titan	0	0	0	0	0	0	0	0	0
Tk Trailern	0	0	0	0	0	0	0	0	0
Tm	0	0	0	0	0	0	0	0	0
Tm3	0	0	0	0	0	0	0	0	0
Tms	0	0	0	0	0	0	0	0	0
Tns	0	0	0	0	0	0	0	0	0
Tojo	0	0	0	0	0	0	0	0	0
Tokvam	0	0	0	0	0	0	0	0	0
Tomos	0	0	0	0	0	0	0	0	0
Tonar	0	0	0	0	0	0	0	0	0
Toni Maurer	0	0	0	0	0	0	0	0	0
Toros	0	0	0	0	0	0	0	0	0
Toyota	262714	272612	284359	294356	305245	315480	323567	331182	338004
Tp	0	0	0	0	0	0	0	0	0
TPV Prikolice	0	0	0	0	0	0	0	0	0
Trabant	25	26	29	29	32	36	41	41	43
Tractorul	0	0	0	0	0	0	0	0	0
Trailer Engineering	0	0	0	0	0	0	0	0	0
Trailer Europe	0	0	0	0	0	0	0	0	0
Trailer Technical Solutions	0	0	0	0	0	0	0	0	0
Trailer-Bygg	0	0	0	0	0	0	0	0	0
Trailergruppen	0	0	0	0	0	0	0	0	0
Trailstar	0	0	0	0	0	0	0	0	0
Traneslapet	0	0	0	0	0	0	0	0	0
Trapper	0	0	0	0	0	0	0	0	0
Tredal	0	0	0	0	0	0	0	0	0
Trias	0	0	0	0	0	0	0	0	0
Trigano	0	13	36	65	107	154	180	178	192
Trio-lift	0	0	0	0	0	0	0	0	0
Tri-Star	7	15	35	70	104	130	196	236	344
Triton	0	0	0	0	0	0	0	0	0
Triumph	793	823	856	878	894	912	929	933	943
Truckmaster	5	6	6	20	53	113	200	296	445
Trygg	0	0	0	0	0	0	0	0	0
Tschu	0	0	0	0	0	0	0	0	0
TSR	0	0	0	0	0	0	0	0	0
Tudela	0	0	0	0	0	0	0	0	0
Tuff Mac Trailers	0	0	0	0	0	0	0	0	0
Tugger	0	0	0	0	0	0	0	0	0
Tuk Tuk Factory	0	0	0	0	0	0	0	0	0
Tuk Tuk Forwarder	0	0	0	0	0	0	0	0	0
Tume	0	0	0	0	0	0	0	0	0
Tunhovd Mekaniske AS	0	0	0	0	0	0	0	0	0
Turbho	0	0	0	0	0	0	0	0	0
Tvr	16	17	18	19	18	19	18	21	23
Twins	0	0	0	0	0	0	0	0	0
Tyllis	0	0	0	0	0	0	0	0	0
Tym	0	0	0	0	0	0	0	0	0
Tysse	0	0	0	0	0	0	0	0	0
U.A.Z.	3	3	3	2	2	2	2	2	2
Ugbest	0	0	0	0	0	0	0	0	0
Ultra Cycels	0	0	0	0	0	0	0	0	0
Um	1	1	1	1	1	1	1	1	1
Umega	0	0	0	0	0	0	0	0	0
Umeslap	0	0	0	0	0	0	0	0	0
Unia	0	0	0	0	0	0	0	0	0
Unilli	0	0	0	0	0	0	0	0	0
Unimog	0	0	0	0	0	0	0	0	0
Unique Motors	0	0	0	0	0	0	0	0	0
Universal	0	0	0	0	0	0	0	0	0
Unsinn	0	0	0	0	0	0	0	0	0
Ural	0	0	0	0	0	0	0	0	0
Ursus	0	0	0	0	0	0	0	0	0
Uvm	0	0	0	0	0	0	0	0	0
V.O.R. Motori	0	0	0	0	0	0	0	0	0
V1 Sports	0	0	0	0	0	0	0	0	0
Va	0	0	0	0	0	0	0	0	0
Valiant	3	3	3	3	3	3	3	3	3
Valmet	0	0	0	0	0	0	0	0	0
Valpadana	0	0	0	0	0	0	0	0	0
Valtra	0	0	0	0	0	0	0	0	0
Valtra Valmet	0	0	0	0	0	0	0	0	0
Van Hool	0	0	0	0	0	0	0	0	0
Vandamme	0	0	0	0	0	0	0	0	0
Vang	0	0	0	0	0	0	0	0	0
Vans Barbot	0	0	0	0	0	0	0	0	0
Variant	0	0	0	0	0	0	0	0	0
Vario	0	0	0	0	0	0	0	1	1
Vauxhall	311	315	316	316	434	309	303	303	301
Vaz	1156	990	876	808	732	667	632	569	558
Vdl	0	0	0	0	0	0	0	0	0
Veb	0	0	0	0	0	0	0	0	0
Veco	0	0	0	0	0	0	0	0	0
Vectra	0	0	0	0	0	0	0	0	0
Vectrix	0	0	0	0	0	0	0	0	0
Vega Vekt	0	0	0	0	0	0	0	0	0
Veken	0	0	0	0	0	0	0	0	0
Velocette	0	0	0	0	0	0	0	0	0
Velorex	0	0	0	0	0	0	0	0	0
Velsa	0	0	0	0	0	0	0	0	0
Veni Trailers	0	0	0	0	0	0	0	0	0
Vespa	0	0	0	0	0	0	0	0	0
Vest-Trail	0	0	0	0	0	0	0	0	0
Vezeko	0	0	0	0	0	0	0	0	0
VGA	0	0	0	0	0	0	0	0	0
Viarelli	0	0	0	0	0	0	0	0	0
Victoria	0	0	0	0	0	0	0	0	0
Victory	0	0	0	0	0	0	0	0	0
Viper	0	0	0	0	0	0	0	0	0
VM Meyer	0	0	0	0	0	0	0	0	0
VM Tarm	0	0	0	0	0	0	0	0	0
VM Trailer	0	0	0	0	0	0	0	0	0
Voca	0	0	0	0	0	0	0	0	0
Vocatour	0	0	0	0	0	0	0	0	0
Volga	30	28	29	31	32	30	30	30	30
Volkswagen	294401	303580	316247	329294	340732	348262	357594	370202	381161
Volvo	153016	159598	168662	179140	189355	198472	205372	210071	213199
Volvo Bm	0	0	0	0	0	0	0	0	0
Volvo Bm Valmet	0	0	0	0	0	0	0	0	0
Vonroad	0	0	0	0	0	0	0	0	0
Voshod	0	0	0	0	0	0	0	0	0
Vreten	0	0	0	0	0	0	0	0	0
Vs-Mont	0	0	0	0	0	0	0	0	0
Vuori	0	0	0	0	0	0	0	0	0
Waaijenberg	0	0	0	0	0	0	0	0	0
Wanderer	8	8	9	9	9	10	10	10	10
Wangye	0	0	0	0	0	0	0	0	0
Warendorfer	0	0	0	0	0	0	0	0	0
Wartburg	29	30	28	30	30	29	30	30	28
Warzawa	2	1	1	1	1	1	1	1	1
Waterbird	0	0	0	0	0	0	0	0	0
Weckman	0	0	0	0	0	0	0	0	0
Weckmanin Kon Oy	0	0	0	0	0	0	0	0	0
Weekend	0	0	0	0	0	0	0	0	0
Weijer	0	0	0	0	0	0	0	0	0
Weimer	0	0	0	0	0	0	0	0	0
Weinsberg	0	0	0	5	25	75	140	192	224
Weippert	0	0	0	0	0	0	0	0	0
Werner Gmbh	0	0	0	0	0	0	0	0	0
Westby	0	0	0	0	0	0	0	0	0
Western	0	0	0	0	0	0	0	0	0
Western Fabrication	0	0	0	0	0	0	0	0	0
Westfalia	0	0	0	1	3	4	6	25	33
Westfield	0	0	0	1	2	3	3	5	5
White	0	0	0	0	0	0	0	0	0
Widerøe	0	0	0	0	0	0	0	0	0
Wielton	0	0	0	0	0	0	0	0	0
Wiesmann	0	0	0	0	0	0	0	0	0
Wilco	0	0	0	0	0	0	0	0	0
Wilhelm Saure	0	0	0	0	0	0	0	0	0
Wilk	0	0	0	0	0	0	0	0	0
Willerby	0	0	0	0	0	0	0	0	0
Willig	0	0	0	0	0	0	0	0	0
Willys	846	852	850	849	852	857	860	862	862
Wilson	0	0	0	0	0	0	0	0	0
Wiola	0	0	0	0	0	0	0	0	0
Witteveen	0	0	0	0	0	0	0	0	0
WM Meyer	0	0	0	0	0	0	0	0	0
WNP-Suski	0	0	0	0	0	0	0	0	0
Wolseley	24	25	25	25	25	26	25	24	25
Wonjan	0	0	0	0	0	0	0	0	0
Wormann	0	0	0	0	0	0	0	0	0
WT-Metall	0	0	0	0	0	0	0	0	0
Wuco	0	0	0	0	0	0	0	0	0
Wurz	0	0	0	0	0	0	0	0	0
Wwbasto Hungaria	0	0	0	0	0	0	0	0	0
Xingyue	0	0	0	0	0	0	0	0	0
Xinling	0	0	0	0	0	0	0	0	0
Xinri	0	0	0	0	0	0	0	0	0
Xintian	0	0	0	0	0	0	0	0	0
Xinyang	0	0	0	0	0	0	0	0	0
Xmotos	0	0	0	0	0	0	0	0	0
Xufeng	0	0	0	0	0	0	0	0	0
Xway	0	0	0	0	0	0	0	0	0
XX-Trail	0	0	0	0	0	0	0	0	0
Xy	0	0	0	0	0	0	0	0	0
Yabo	0	0	0	0	0	0	0	0	0
Yale	0	0	0	0	0	0	0	0	0
Yamaha	0	0	0	0	0	0	0	0	0
Yamasaki	0	0	0	0	0	0	0	0	0
Yanmar	0	0	0	0	0	0	0	0	0
Yc	0	0	0	0	0	0	0	0	0
Yiying	0	0	0	0	0	0	0	0	0
Yj	0	0	0	0	0	0	0	0	0
York	0	0	0	0	0	0	0	0	0
Youngqiang Vehicles	0	0	0	0	0	0	0	0	0
Ytterocke	0	0	0	0	0	0	0	0	0
Yuhu	0	0	0	0	0	0	0	0	0
Zaslaw	0	0	0	0	0	0	0	0	0
Zastava	8	8	7	7	7	8	9	9	10
Zealzun	0	0	0	0	0	0	0	0	0
Zero Motorcycles	0	0	0	0	0	0	0	0	0
Zesam	0	0	0	0	0	0	0	0	0
Zetor	0	0	0	0	0	0	0	0	0
Zhejiang	0	0	0	0	0	0	0	0	0
Zhenhua	0	0	0	0	0	0	0	0	0
Zhongyu	0	0	0	0	0	0	0	0	0
Zim	1	1	1	1	1	1	1	1	1
Zimmer	0	0	0	0	0	0	0	0	1
Zip Star	0	0	0	0	0	0	0	0	0
Zipp	0	0	0	0	0	0	0	0	0
Znen	0	0	0	0	0	0	0	0	0
Zongshen	0	0	0	0	0	0	0	0	0
Zorzi	0	0	0	0	0	0	0	0	0
Zundapp	0	0	0	0	0	0	0	0	0
Øgland Dbs	0	0	0	0	0	0	0	0	0
Øveraasen	0	0	0	0	0	0	0	0	0
Åtm	0	0	0	0	0	0	0	0	0
Other trade marks	877	1041	1136	1250	1298	1381	1505	1603	1735
